{
	"extension.description": "Extensión del depurador de Visual Studio Code para Node.js.",
	"node.label": "Node.js",
	"node.sourceMaps.description": "Se usan los mapas de origen de JavaScript (si existen).",
	"node.outDir.description": "Si los mapas de origen están habilitados, el código generado se espera en este directorio. En desuso: use el atributo \"outFiles\" en su lugar.",
	"node.outFiles.description": "Si los mapas de origen están habilitados, estos patrones globales especifican los archivos JavaScript generados. Si un patrón comienza con '!' los archivos se excluyen. Si no se especifica, el código generado se espera en el mismo directorio que su origen.",
	"node.stopOnEntry.description": "El programa se detiene automáticamente tras el inicio.",
	"node.port.description": "Puerto de depuración al que se va a conectar. El valor predeterminado es 5858.",
	"node.address.description": "Dirección TCP/IP del puerto de depuración (solo para Node.js 5.0 o una versión posterior). El valor predeterminado es 'localhost'.",
	"node.timeout.description": "Vuelva a probar con este número de milisegundos para conectarse a Node.js. El valor predeterminado es 10 000 ms.",
	"node.smartStep.description": "Explore automáticamente el código generado que no se puede volver a asignar al código fuente original.",
	"node.launch.program.description": "Ruta de acceso absoluta al programa. El valor generado se infiere de package.json y de los archivos abiertos. Edite este atributo.",
	"node.launch.externalConsole.description": "El destino de depuración se inicia en una consola externa.",
	"node.launch.externalConsole.error": "En desuso: utilice el atributo 'console' en su lugar.",
	"node.launch.console.description": "Lugar donde debe iniciarse el destino de depuración: consola interna, terminal integrado o terminal externo.",
	"node.launch.args.description": "Argumentos de la línea de comandos pasados al programa.",
	"node.launch.cwd.description": "Ruta de acceso absoluta al directorio de trabajo del programa que se está depurando.",
	"node.launch.runtimeExecutable.description": "Runtime que se va a usar. Puede ser una ruta de acceso absoluta o el nombre de un runtime disponible en PATH. Si se omite, se asume que es \"node\".",
	"node.launch.runtimeArgs.description": "Argumentos opcionales pasados al ejecutable del runtime.",
	"node.launch.env.description": "Variables de entorno pasadas al programa.",
	"node.launch.config.name": "Iniciar",
	"node.attach.processId.description": "Id. de proceso para asociar.",
	"node.attach.restart.description": "Reinicie la sesión cuando Node.js haya terminado.",
	"node.attach.localRoot.description": "Raíz de origen local que corresponde a \"remoteRoot\".",
	"node.attach.remoteRoot.description": "Raíz de origen del host remoto.",
	"node.attach.config.name": "Asociar",
	"node.processattach.config.name": "Asociar al proceso",
	"extensionHost.label": "Desarrollo de extensiones de VS Code",
	"extensionHost.launch.runtimeExecutable.description": "Ruta de acceso absoluta a VS Code.",
	"extensionHost.launch.args.description": "Argumentos de línea de comandos pasados al programa.",
	"extensionHost.launch.stopOnEntry.description": "El host de extensiones se detiene automáticamente tras el inicio.",
	"extensionHost.launch.sourceMaps.description": "Se usan los mapas de origen de JavaScript.",
	"extensionHost.launch.outDir.description": "Si los mapas de origen están habilitados, el código generado se espera en este directorio. En desuso: use el atributo \"outFiles\" en su lugar.",
	"extensionHost.launch.outFiles.description": "Si los mapas de origen están habilitados, estos patrones globales especifican los archivos JavaScript generados. Si un patrón comienza con '!' los archivos se excluyen. Si no se especifica, el código generado se espera en el mismo directorio que su origen.",
	"extensionHost.smartStep.description": "Explore automáticamente el código generado que no se puede volver a asignar al código fuente original.",
	"extensionHost.launch.config.name": "Extensión de inicio"
}