{
	"extension.description": "Node.js 用の Visual Studio Code デバッガー拡張機能",
	"node.label": "Node.js",
	"node.sourceMaps.description": "JavaScript ソース マップを使用します (存在する場合)。",
	"node.outDir.description": "ソース マップを有効にすると、生成されるコードはこのディレクトリ内にあると想定されます。非推奨: 代わりに 'outFiles' 属性を使用します。",
	"node.outFiles.description": "ソース マップを有効にすると、これらの glob パターンは生成した JavaScript ファイルを指定します。パターンが '!' で始まる場合は、ファイルは除外されます。指定しない場合は、生成されたコードはそのソースとして同じディレクトリ内にあると想定されます。",
	"node.stopOnEntry.description": "起動後、プログラムを自動的に停止します。",
	"node.port.description": "添付先のデバッグ ポート。既定は 5858 です。",
	"node.address.description": "デバッグ ポートの TCP/IP アドレス (Node.js 5.0 以上の場合のみ)。既定値は 'localhost' です。",
	"node.timeout.description": "このミリ秒の間、Node.js への接続を再試行します。既定値は 10000 ミリ秒です。",
	"node.smartStep.description": "元のソースにマップし直すことができない、生成されたコードを自動的にステップ スルーします。",
	"node.launch.program.description": "プログラムへの絶対パス。生成される値は、package.json ファイルと開かれたファイルを参照して推測されます。この属性を編集してください。",
	"node.launch.externalConsole.description": "外部コンソール内でデバッグ ターゲットを起動します。",
	"node.launch.externalConsole.error": "非推奨: 'コンソール' 属性を代わりに使用します。",
	"node.launch.console.description": "デバッグ対象の起動場所: 内部コンソール、統合ターミナル、または外部ターミナル。",
	"node.launch.args.description": "プログラムに渡されるコマンド ライン引数。",
	"node.launch.cwd.description": "デバッグされるプログラムの作業ディレクトリへの絶対パス。",
	"node.launch.runtimeExecutable.description": "使用するランタイム。絶対パス、または PATH 上で使用可能なランタイムの名前のいずれかです。省略した場合は、'node' とみなされます。",
	"node.launch.runtimeArgs.description": "ランタイム実行可能ファイルに渡される省略可能な引数。",
	"node.launch.env.description": "プログラムに渡される環境変数。",
	"node.launch.config.name": "起動",
	"node.attach.processId.description": "アタッチ先のプロセスの ID。",
	"node.attach.restart.description": "Node.js が終了した後、セッションを再開します。",
	"node.attach.localRoot.description": "'remoteRoot' に対応するローカル ソース ルート。",
	"node.attach.remoteRoot.description": "リモート ホストのソース ルート。",
	"node.attach.config.name": "アタッチ",
	"node.processattach.config.name": "プロセスにアタッチ",
	"extensionHost.label": "VS Code 拡張機能の開発",
	"extensionHost.launch.runtimeExecutable.description": "VS Code への絶対パス。",
	"extensionHost.launch.args.description": "プログラムに渡されたコマンド ライン引数。",
	"extensionHost.launch.stopOnEntry.description": "起動後に拡張機能ホストを自動的に停止します。",
	"extensionHost.launch.sourceMaps.description": "JavaScript ソース マップを使用します。",
	"extensionHost.launch.outDir.description": "ソース マップを有効にすると、生成されるコードはこのディレクトリ内にあると想定されます。非推奨: 代わりに 'outFiles' 属性を使用します。",
	"extensionHost.launch.outFiles.description": "ソース マップを有効にすると、これらの glob パターンは生成した JavaScript ファイルを指定します。パターンが '!' で始まる場合は、ファイルは除外されます。指定しない場合は、生成されたコードはそのソースとして同じディレクトリ内にあると想定されます。",
	"extensionHost.smartStep.description": "元のソースにマップし直すことができない、生成されたコードを自動的にステップ スルーします。",
	"extensionHost.launch.config.name": "拡張機能の起動"
}