{"_id":"git","_rev":"57-2c88830ef4554ebad5106289fa71503e","name":"git","description":"A node.js library for git","dist-tags":{"stable":"0.1.5","latest":"0.1.5"},"versions":{"0.1.0":{"name":"git","description":"A node.js library for git","version":"0.1.0","scripts":{"install":"./install.sh"},"author":{"name":"Christian Amor Kvalheim","email":"christkv@gmail.com"},"contributors":[],"repository":{"type":"git","url":"git@github.com:christkv/node-git.git"},"bugs":{"mail":"node-git@googlegroups.com","web":"http://groups.google.com/group/nodegit"},"os":["linux","darwin","freebsd"],"main":"./lib/git/index","directories":{"lib":"./lib/git"},"engines":{"node":">=0.1.97"},"licenses":[{"type":"Apache License, Version 2.0","url":"http://www.apache.org/licenses/LICENSE-2.0"}],"_id":"git@0.1.0","_nodeSupported":true,"_npmVersion":"0.2.7-2","_nodeVersion":"v0.3.1-pre","dist":{"tarball":"https://registry.npmjs.org/git/-/git-0.1.0.tgz","shasum":"d5a52b4eb7722d7edfb40e9cf77e9f44efcaa0d3"}},"0.1.1":{"name":"git","description":"A node.js library for git","version":"0.1.1","scripts":{"install":"./install.sh"},"author":{"name":"Christian Amor Kvalheim","email":"christkv@gmail.com"},"contributors":[],"repository":{"type":"git","url":"git@github.com:christkv/node-git.git"},"bugs":{"email":"node-git@googlegroups.com","url":"http://groups.google.com/group/nodegit"},"os":["linux","darwin","freebsd"],"main":"./lib/git/index","directories":{"lib":"./lib/git"},"engines":{"node":">=0.4.0"},"licenses":[{"type":"Apache License, Version 2.0","url":"http://www.apache.org/licenses/LICENSE-2.0"}],"_id":"git@0.1.1","_engineSupported":true,"_npmVersion":"0.3.9","_nodeVersion":"v0.4.1","dist":{"shasum":"5162b7ed666e2330303276c246a788ecef7b9a99","tarball":"https://registry.npmjs.org/git/-/git-0.1.1.tgz","bin":{"0.4-sunos-5.11":{"shasum":"9435de6b783b38c8f102c1f37f1e1c8b41998788","tarball":"http://registry.npmjs.org/git/-/git-0.1.1-0.4-sunos-5.11.tgz"}}}},"0.1.2":{"name":"git","description":"A node.js library for git","version":"0.1.2","author":{"name":"Christian Amor Kvalheim","email":"christkv@gmail.com"},"contributors":[],"repository":{"type":"git","url":"git@github.com:christkv/node-git.git"},"bugs":{"email":"node-git@googlegroups.com","url":"http://groups.google.com/group/nodegit"},"os":["linux","darwin","freebsd"],"main":"./lib/git/index","directories":{"lib":"./lib/git"},"engines":{"node":">=0.4.0"},"dependencies":{"compress":">=0.1.6"},"devDependencies":{"nodeunit":">=0.5.1"},"licenses":[{"type":"Apache License, Version 2.0","url":"http://www.apache.org/licenses/LICENSE-2.0"}],"_id":"git@0.1.2","_engineSupported":true,"_npmVersion":"1.0.6","_nodeVersion":"v0.4.8","_defaultsLoaded":true,"dist":{"shasum":"150c51c45c2e652dc5df3762fb7edfeaeca1a58a","tarball":"https://registry.npmjs.org/git/-/git-0.1.2.tgz"},"scripts":{}},"0.1.3":{"name":"git","description":"A node.js library for git","version":"0.1.3","author":{"name":"Christian Amor Kvalheim","email":"christkv@gmail.com"},"contributors":[],"repository":{"type":"git","url":"git@github.com:christkv/node-git.git"},"bugs":{"email":"node-git@googlegroups.com","url":"http://groups.google.com/group/nodegit"},"os":["linux","darwin","freebsd"],"main":"./lib/git/index","directories":{"lib":"./lib/git"},"engines":{"node":">=0.4.0"},"dependencies":{"compress":">=0.1.6"},"devDependencies":{"nodeunit":">=0.5.1"},"licenses":[{"type":"Apache License, Version 2.0","url":"http://www.apache.org/licenses/LICENSE-2.0"}],"_npmJsonOpts":{"file":"/Users/christian.kvalheim/.npm/git/0.1.3/package/package.json","wscript":false,"contributors":false,"serverjs":false},"_id":"git@0.1.3","_engineSupported":true,"_npmVersion":"1.0.22","_nodeVersion":"v0.4.9","_defaultsLoaded":true,"dist":{"shasum":"fc63766b25a5f40a4affa22099e6a4054960ec55","tarball":"https://registry.npmjs.org/git/-/git-0.1.3.tgz"},"scripts":{}},"0.1.4":{"name":"git","description":"A node.js library for git","version":"0.1.4","author":{"name":"Christian Amor Kvalheim","email":"christkv@gmail.com"},"contributors":[{"name":"Vincent Giersch","email":"vincent@giersch.fr"}],"repository":{"type":"git","url":"git@github.com:christkv/node-git.git"},"bugs":{"url":"http://groups.google.com/group/nodegit"},"os":["linux","darwin","freebsd"],"main":"./lib/git/index","directories":{"lib":"./lib/git"},"engines":{"node":">=0.4.0"},"dependencies":{"mime":"1.2.9"},"devDependencies":{"nodeunit":">=0.5.1"},"licenses":[{"type":"Apache License, Version 2.0","url":"http://www.apache.org/licenses/LICENSE-2.0"}],"readme":"[![build status](https://secure.travis-ci.org/christkv/node-git.png)](http://travis-ci.org/christkv/node-git)\n\n# Introduction\n\nThis is a library for Git written in Node.js. It's as close a port of grit http://github.com/mojombo/grit.\n\nThe idea is to allow for manipulation of git repositories by the node.js application. Not everything is\nimplemented directly in node-git. Some of the stuff is using the native git command line instead of\ndirect javascript code. Also it's fairly synchronous right now but that will hopefully change a little\nby little over time as it gets more stable and I start using it in real life scenarios.\n\n## Github information\n\nThe source code is available at http://github.com/christkv/node-git.\nYou can either clone the repository or download a tarball of the latest release.\n\nOnce you have the source you can test the driver by running\n\n\t$ make test\n\t\n## Examples\n\nFor simple examples of usage look at the tests included in the repository.\n\n## Notes\n\nThe current version is basic git support, don't expect everything to work as you expect it\noff the bat.\n\n## License\n\n\tCopyright 2009 - 2010 Christian Amor Kvalheim.\n\n\t  Licensed under the Apache License, Version 2.0 (the \"License\");\n\t  you may not use this file except in compliance with the License.\n\t  You may obtain a copy of the License at\n\n\t      http://www.apache.org/licenses/LICENSE-2.0\n\n\t  Unless required by applicable law or agreed to in writing, software\n\t  distributed under the License is distributed on an \"AS IS\" BASIS,\n\t  WITHOUT WARRANTIES OR CONDITIONS OF ANY KIND, either express or implied.\n\t  See the License for the specific language governing permissions and\n\t  limitations under the License.\n","readmeFilename":"README.md","_id":"git@0.1.4","dist":{"shasum":"795cc4f392c9a40dfbd91055739d328722fed0be","tarball":"https://registry.npmjs.org/git/-/git-0.1.4.tgz"},"_from":".","_npmVersion":"1.2.23","_npmUser":{"name":"christkv","email":"christkv@gmail.com"},"maintainers":[{"name":"christkv","email":"christkv@gmail.com"}]},"0.1.5":{"name":"git","description":"A node.js library for git","version":"0.1.5","author":{"name":"Christian Amor Kvalheim","email":"christkv@gmail.com"},"contributors":[{"name":"Vincent Giersch","email":"vincent@giersch.fr"}],"repository":{"type":"git","url":"git@github.com:christkv/node-git.git"},"bugs":{"url":"http://groups.google.com/group/nodegit"},"main":"./lib/git/index","directories":{"lib":"./lib/git"},"engines":{"node":">=0.4.0"},"dependencies":{"mime":"1.2.9"},"devDependencies":{"nodeunit":">=0.5.1"},"licenses":[{"type":"Apache License, Version 2.0","url":"http://www.apache.org/licenses/LICENSE-2.0"}],"scripts":{"test":"./node_modules/.bin/nodeunit test"},"readme":"[![build status](https://secure.travis-ci.org/christkv/node-git.png)](http://travis-ci.org/christkv/node-git)\n\n# Introduction\n\nThis is a library for Git written in Node.js. It's as close a port of grit http://github.com/mojombo/grit.\n\nThe idea is to allow for manipulation of git repositories by the node.js application. Not everything is\nimplemented directly in node-git. Some of the stuff is using the native git command line instead of\ndirect javascript code. Also it's fairly synchronous right now but that will hopefully change a little\nby little over time as it gets more stable and I start using it in real life scenarios.\n\n## Github information\n\nThe source code is available at http://github.com/christkv/node-git.\nYou can either clone the repository or download a tarball of the latest release.\n\nOnce you have the source you can test the driver by running\n\n\t$ make test\n\nOn windows:\n\n\tPS > node.exe .\\node_modules\\nodeunit\\bin\\nodeunit .\\test\n\t\n## Examples\n\nFor simple examples of usage look at the tests included in the repository.\n\n## Notes\n\nThe current version is basic git support, don't expect everything to work as you expect it\noff the bat.\n\n## License\n\n\tCopyright 2009 - 2010 Christian Amor Kvalheim.\n\n\t  Licensed under the Apache License, Version 2.0 (the \"License\");\n\t  you may not use this file except in compliance with the License.\n\t  You may obtain a copy of the License at\n\n\t      http://www.apache.org/licenses/LICENSE-2.0\n\n\t  Unless required by applicable law or agreed to in writing, software\n\t  distributed under the License is distributed on an \"AS IS\" BASIS,\n\t  WITHOUT WARRANTIES OR CONDITIONS OF ANY KIND, either express or implied.\n\t  See the License for the specific language governing permissions and\n\t  limitations under the License.\n","readmeFilename":"README.md","_id":"git@0.1.5","dist":{"shasum":"9ef62df93f851c27542143bf52d1c68b1017ca15","tarball":"https://registry.npmjs.org/git/-/git-0.1.5.tgz"},"_from":".","_npmVersion":"1.2.23","_npmUser":{"name":"christkv","email":"christkv@gmail.com"},"maintainers":[{"name":"christkv","email":"christkv@gmail.com"}]}},"maintainers":[{"name":"christkv","email":"christkv@gmail.com"}],"author":{"name":"Christian Amor Kvalheim","email":"christkv@gmail.com"},"repository":{"type":"git","url":"git@github.com:christkv/node-git.git"},"time":{"modified":"2013-06-24T13:54:46.191Z","created":"2011-02-27T13:36:23.677Z","0.1.0":"2011-02-27T13:36:23.677Z","0.1.1":"2011-02-27T13:36:23.677Z","0.1.2":"2011-05-25T15:00:30.159Z","0.1.3":"2011-07-30T09:35:17.228Z","0.1.4":"2013-06-18T20:33:43.448Z","0.1.5":"2013-06-24T13:48:18.973Z"},"users":{"326060588":true,"nachbar90":true,"vchouhan":true,"codefoster":true,"foto":true,"maninbucket":true},"_attachments":{},"_etag":"W/\"51c84fa6-2779\"","_lastModified":"Mon, 24 Jun 2013 13:54:46 GMT"}